{"cameraMode":{"drawMode":0,"name":"Shaded","section":"Shading Mode"},"sceneLighting":false,"audioPlay":false,"sceneViewState":{"showFog":true,"showMaterialUpdate":false,"showSkybox":false,"showFlares":true,"showImageEffects":true,"showParticleSystems":true},"in2DMode":false,"pivot":{"x":0.22293931245803834,"y":-0.033958856016397479,"z":-0.0582268089056015},"rotation":{"x":-0.47486987709999087,"y":-0.2377428412437439,"z":0.13495999574661256,"w":-0.8365219831466675},"size":3.6452341079711916,"orthographic":false}